Time_Point,Importance
0,1.7705312e-07
1,1.2585548e-07
2,1.4819335e-07
3,2.3137576e-07
4,2.5893436e-07
5,2.2159763e-07
6,1.8551336e-07
7,2.428451e-07
8,2.740608e-07
9,2.5761716e-07
10,2.421992e-07
11,2.6160154e-07
12,3.1108883e-07
13,2.4910682e-07
14,3.6180472e-07
15,3.2714925e-07
16,3.3687272e-07
17,3.2558395e-07
18,4.5588035e-07
19,5.1444704e-07
20,5.267327e-07
21,7.45125e-07
22,9.1222785e-07
23,7.0030814e-07
24,4.6404017e-07
25,6.4352446e-07
26,4.492606e-07
27,4.239667e-07
28,5.42455e-07
29,4.7118579e-07
30,5.0571305e-07
31,5.1091905e-07
32,3.766717e-07
33,3.4648204e-07
34,4.926975e-07
35,7.57001e-07
36,5.562017e-07
37,5.941061e-07
38,7.4533466e-07
39,6.6586495e-07
40,9.827833e-07
41,5.669373e-07
42,7.6593534e-07
43,8.2333435e-07
44,8.485911e-07
45,8.7722674e-07
46,7.67826e-07
47,7.706067e-07
48,9.959406e-07
49,6.0739524e-07
50,7.9045094e-07
51,8.66282e-07
52,6.1733823e-07
53,8.387125e-07
54,6.2299125e-07
55,7.6688787e-07
56,7.977775e-07
57,6.024349e-07
58,4.994447e-07
59,5.359706e-07
60,6.9208244e-07
61,7.579609e-07
62,6.392646e-07
63,8.662534e-07
64,7.7624e-07
65,8.5367174e-07
66,6.4374035e-07
67,1.1092376e-06
68,1.6088455e-06
69,1.1532443e-06
70,6.6445455e-07
71,1.0159413e-06
72,1.3007206e-06
73,8.273454e-07
74,7.2037926e-07
75,6.47508e-07
76,6.141519e-07
77,6.532489e-07
78,5.1893755e-07
79,6.382046e-07
80,6.3072355e-07
81,6.5044844e-07
82,4.941469e-07
83,7.406732e-07
84,1.0477045e-06
85,7.083101e-07
86,5.1542156e-07
87,7.798425e-07
88,8.640583e-07
89,1.0028868e-06
90,8.5387774e-07
91,7.0232846e-07
92,5.559322e-07
93,6.352424e-07
94,5.8743007e-07
95,7.319016e-07
96,7.741689e-07
97,5.991524e-07
98,5.3050724e-07
99,6.246638e-07
100,6.910661e-07
101,5.9725414e-07
102,4.915207e-07
103,5.7565495e-07
104,6.4396386e-07
105,6.352813e-07
106,8.005457e-07
107,9.196168e-07
108,1.0261554e-06
109,1.2013558e-06
110,7.6843514e-07
111,5.859676e-07
112,9.400661e-07
113,9.413873e-07
114,1.0275277e-06
115,6.803028e-07
116,8.262238e-07
117,6.336867e-07
118,6.831286e-07
119,1.0415124e-06
120,6.2249165e-07
121,6.55038e-07
122,8.036244e-07
123,5.894124e-07
124,8.760121e-07
125,7.4029805e-07
126,5.724606e-07
127,8.1374793e-07
128,6.341182e-07
129,7.8597185e-07
130,6.431267e-07
131,7.4835816e-07
132,8.7710094e-07
133,5.6140306e-07
134,5.11816e-07
135,5.305288e-07
136,7.9067104e-07
137,7.4240677e-07
138,6.909352e-07
139,6.155375e-07
140,9.104175e-07
141,5.715977e-07
142,6.532031e-07
143,9.130187e-07
144,1.0112095e-06
145,1.010107e-06
146,7.4499593e-07
147,7.9643723e-07
148,8.5374785e-07
149,9.743628e-07
150,6.405824e-07
151,8.866606e-07
152,1.3193804e-06
153,1.0224617e-06
154,1.1493515e-06
155,8.144307e-07
156,7.7321755e-07
157,7.742007e-07
158,5.940653e-07
159,7.3122794e-07
160,6.0034483e-07
161,6.8479e-07
162,5.0152914e-07
163,6.997246e-07
164,6.1039873e-07
165,5.322502e-07
166,5.504762e-07
167,5.484844e-07
168,4.9801423e-07
169,4.5314468e-07
170,3.3178134e-07
171,4.3385543e-07
172,3.665212e-07
173,3.669907e-07
174,3.5395473e-07
175,4.6346878e-07
176,4.4151835e-07
177,4.1939057e-07
178,3.0455055e-07
179,4.530948e-07
180,5.3337e-07
181,4.5955517e-07
182,3.7963125e-07
183,3.7252735e-07
184,4.0678802e-07
185,5.2976606e-07
186,3.8956196e-07
187,4.6563923e-07
188,4.9223775e-07
189,4.7119744e-07
190,4.8279765e-07
191,5.194825e-07
192,7.3351475e-07
193,4.8974465e-07
194,3.9086746e-07
195,4.1726284e-07
196,3.42881e-07
197,3.6154992e-07
198,3.5293817e-07
199,5.213744e-07
200,3.2585973e-07
201,3.5059992e-07
202,4.2647008e-07
203,4.7380323e-07
204,4.7839114e-07
205,4.2082212e-07
206,6.174554e-07
207,5.433323e-07
208,6.145024e-07
209,4.5056572e-07
210,4.6026474e-07
211,7.302555e-07
212,7.3047124e-07
213,4.936502e-07
214,6.724423e-07
215,6.2114276e-07
216,7.7430343e-07
217,8.3622274e-07
218,6.576888e-07
219,6.794992e-07
220,7.028818e-07
221,7.616442e-07
222,5.126562e-07
223,4.773139e-07
224,5.3873896e-07
225,5.590949e-07
226,5.8444596e-07
227,7.0841077e-07
228,7.624473e-07
229,5.737736e-07
230,4.4293606e-07
231,5.565982e-07
232,6.637844e-07
233,8.2450015e-07
234,4.8614464e-07
235,6.026124e-07
236,7.0975915e-07
237,5.6900757e-07
238,4.785548e-07
239,7.2126306e-07
240,7.7936954e-07
241,5.393657e-07
242,6.3210194e-07
243,6.014692e-07
244,7.864769e-07
245,9.034513e-07
246,4.9636e-07
247,6.2770425e-07
248,6.1515584e-07
249,5.82154e-07
250,5.465263e-07
251,7.6272306e-07
252,9.0042215e-07
253,6.077538e-07
254,8.141187e-07
255,9.796768e-07
256,8.9272316e-07
257,9.030276e-07
258,5.887743e-07
259,7.259147e-07
260,8.3491693e-07
261,7.213612e-07
262,8.137831e-07
263,7.624015e-07
264,7.124966e-07
265,6.6773845e-07
266,9.044632e-07
267,1.2504076e-06
268,1.1113858e-06
269,1.0016713e-06
270,1.0821369e-06
271,8.501059e-07
272,9.87294e-07
273,8.326948e-07
274,7.0695705e-07
275,7.4485587e-07
276,6.89673e-07
277,8.215076e-07
278,7.909829e-07
279,8.545418e-07
280,1.0483136e-06
281,1.1086024e-06
282,8.612304e-07
283,8.095011e-07
284,1.0251367e-06
285,1.1379308e-06
286,8.7642593e-07
287,7.4085455e-07
288,7.682139e-07
289,7.445036e-07
290,6.5455134e-07
291,6.4659923e-07
292,7.431031e-07
293,6.103799e-07
294,7.628306e-07
295,9.129579e-07
296,1.1669731e-06
297,9.1449584e-07
298,8.085238e-07
299,7.104107e-07
300,8.595409e-07
301,6.0462133e-07
302,5.336546e-07
303,8.555313e-07
304,9.350858e-07
305,7.8002824e-07
306,8.384707e-07
307,6.8135625e-07
308,6.619788e-07
309,8.120307e-07
310,4.9439416e-07
311,7.0880833e-07
312,6.555823e-07
313,8.039083e-07
314,6.263964e-07
315,7.7806743e-07
316,8.84684e-07
317,7.004996e-07
318,6.844608e-07
319,6.898862e-07
320,7.316206e-07
321,5.0687726e-07
322,5.4679106e-07
323,1.166035e-06
324,9.710532e-07
325,7.4256167e-07
326,1.077663e-06
327,1.0814689e-06
328,8.0818535e-07
329,1.1559339e-06
330,5.3388885e-07
331,8.000705e-07
332,1.1922048e-06
333,6.9207243e-07
334,5.88712e-07
335,9.131436e-07
336,7.9689073e-07
337,6.539685e-07
338,7.672763e-07
339,5.8088847e-07
340,8.9935446e-07
341,6.060512e-07
342,6.364995e-07
343,6.044053e-07
344,7.7631984e-07
345,8.277949e-07
346,8.1807065e-07
347,7.600272e-07
348,7.1748707e-07
349,6.9037844e-07
350,6.848271e-07
351,7.505647e-07
352,6.309616e-07
353,6.049928e-07
354,5.0406544e-07
355,5.733142e-07
356,5.6670984e-07
357,4.5816014e-07
358,6.3545724e-07
359,6.805793e-07
360,6.1408457e-07
361,6.089898e-07
362,5.9102763e-07
363,5.4468336e-07
364,5.99009e-07
365,4.9560595e-07
366,3.9096912e-07
367,5.944492e-07
368,5.7493673e-07
369,6.5828107e-07
370,7.334928e-07
371,9.016655e-07
372,9.137336e-07
373,8.688297e-07
374,5.791976e-07
375,7.3743576e-07
376,5.907717e-07
377,5.602534e-07
378,5.8325156e-07
379,5.895032e-07
380,5.9522426e-07
381,6.222296e-07
382,5.207304e-07
383,5.204861e-07
384,7.5196556e-07
385,4.4564905e-07
386,6.13148e-07
387,5.259034e-07
388,5.927328e-07
389,6.736059e-07
390,6.184027e-07
391,4.6426166e-07
392,6.6430096e-07
393,6.238104e-07
394,6.500092e-07
395,6.395836e-07
396,5.884732e-07
397,6.3278856e-07
398,6.8297834e-07
399,6.049522e-07
400,7.4863635e-07
401,5.150808e-07
402,6.490572e-07
403,6.0301164e-07
404,7.693976e-07
405,6.563789e-07
406,5.920948e-07
407,5.275686e-07
408,8.1943864e-07
409,6.2445145e-07
410,4.9521316e-07
411,6.8488833e-07
412,5.329126e-07
413,6.073734e-07
414,4.321565e-07
415,5.317875e-07
416,6.285716e-07
417,6.074628e-07
418,8.065737e-07
419,5.4640543e-07
420,5.5945054e-07
421,6.174546e-07
422,6.942108e-07
423,4.1325475e-07
424,5.823789e-07
425,4.935132e-07
426,8.3196375e-07
427,6.6907603e-07
428,5.6612964e-07
429,5.552805e-07
430,5.164111e-07
431,5.710948e-07
432,7.553768e-07
433,7.472157e-07
434,8.260191e-07
435,9.4145025e-07
436,1.0782577e-06
437,7.248441e-07
438,6.428718e-07
439,6.7025934e-07
440,8.6256404e-07
441,7.1734195e-07
442,6.5057185e-07
443,5.7076534e-07
444,8.6181217e-07
445,6.289328e-07
446,6.405161e-07
447,8.2735335e-07
448,6.411934e-07
449,5.944099e-07
450,5.574799e-07
451,6.991565e-07
452,9.957542e-07
453,5.5397766e-07
454,7.767088e-07
455,8.201353e-07
456,8.8357956e-07
457,7.433685e-07
458,8.680895e-07
459,8.480314e-07
460,5.566427e-07
461,8.155521e-07
462,6.708359e-07
463,9.356443e-07
464,1.4085239e-06
465,8.9888454e-07
466,8.1979954e-07
467,9.872767e-07
468,7.3557476e-07
469,9.742228e-07
470,8.577379e-07
471,8.3414824e-07
472,8.353225e-07
473,8.7280887e-07
474,7.9288986e-07
475,1.2056692e-06
476,1.2492155e-06
477,1.2539747e-06
478,1.1842342e-06
479,1.3826362e-06
480,1.2014686e-06
481,9.38461e-07
482,1.0116222e-06
483,1.1855552e-06
484,1.0334109e-06
485,1.1991099e-06
486,8.6062425e-07
487,8.092385e-07
488,8.63676e-07
489,9.459736e-07
490,6.106093e-07
491,8.960559e-07
492,6.873379e-07
493,7.746729e-07
494,8.5590136e-07
495,8.567693e-07
496,7.9935415e-07
497,8.7105855e-07
498,4.792204e-07
499,7.9561715e-07
500,9.449415e-07
501,7.524913e-07
502,8.0957926e-07
503,6.270085e-07
504,8.268692e-07
505,8.8584255e-07
506,4.7800046e-07
507,5.567014e-07
508,5.5611065e-07
509,5.305626e-07
510,5.3034177e-07
511,6.6077547e-07
512,5.266738e-07
513,5.930944e-07
514,4.8974135e-07
515,7.9630706e-07
516,7.8003103e-07
517,6.6899867e-07
518,6.2228355e-07
519,6.1135296e-07
520,4.051485e-07
521,5.1885934e-07
522,4.274097e-07
523,4.696638e-07
524,5.6981935e-07
525,3.8814468e-07
526,2.9366947e-07
527,3.687111e-07
528,4.4343173e-07
529,4.584761e-07
530,3.2627392e-07
531,3.9188308e-07
532,3.8199673e-07
533,3.8686386e-07
534,4.096546e-07
535,4.2808833e-07
536,3.374675e-07
537,4.1092304e-07
538,2.3422527e-07
539,3.968536e-07
540,4.9363484e-07
541,3.239637e-07
542,4.3768478e-07
543,3.5251955e-07
544,5.086378e-07
545,5.236395e-07
546,4.9281977e-07
547,6.2509844e-07
548,4.3304962e-07
549,3.5503416e-07
550,4.7529247e-07
551,4.211597e-07
552,4.5448115e-07
553,4.5986684e-07
554,3.476244e-07
555,4.3141964e-07
556,3.4776403e-07
557,3.6365446e-07
558,3.4295832e-07
559,3.551187e-07
560,4.0242122e-07
561,3.9068587e-07
562,3.940823e-07
563,3.7967425e-07
564,4.2069297e-07
565,4.819604e-07
566,4.6903483e-07
567,5.243461e-07
568,5.635206e-07
569,5.3054316e-07
570,5.7443395e-07
571,5.4813046e-07
572,5.383683e-07
573,6.2778315e-07
574,4.1270664e-07
575,7.385739e-07
576,5.910118e-07
577,6.4434863e-07
578,9.595759e-07
579,1.064059e-06
580,9.159212e-07
581,9.173873e-07
582,7.002983e-07
583,6.0915306e-07
584,6.627908e-07
585,6.403986e-07
586,6.425866e-07
587,5.390717e-07
588,4.5636625e-07
589,3.9237233e-07
590,3.651016e-07
591,5.9331524e-07
592,6.358611e-07
593,6.259838e-07
594,5.658296e-07
595,4.1113782e-07
596,5.797744e-07
597,4.9709973e-07
598,3.829683e-07
599,4.1645293e-07
600,4.3964366e-07
601,4.3720405e-07
602,4.880354e-07
603,5.003015e-07
604,5.088934e-07
605,6.017329e-07
606,4.902478e-07
607,4.3970545e-07
608,5.099304e-07
609,5.059927e-07
610,5.4422173e-07
611,5.335314e-07
612,5.8105326e-07
613,5.5209983e-07
614,3.874121e-07
615,4.911229e-07
616,6.568631e-07
617,4.976585e-07
618,5.87818e-07
619,4.9769926e-07
620,5.322668e-07
621,5.8243813e-07
622,3.9366915e-07
623,4.4209702e-07
624,5.301123e-07
625,4.3085302e-07
626,5.477012e-07
627,4.906066e-07
628,5.028959e-07
629,7.1025283e-07
630,5.540097e-07
631,7.407406e-07
632,5.5839195e-07
633,5.163498e-07
634,6.448839e-07
635,9.132344e-07
636,7.5141014e-07
637,6.5305426e-07
638,5.0868107e-07
639,5.980536e-07
640,6.6361366e-07
641,8.747164e-07
642,1.0106122e-06
643,1.0476642e-06
644,7.586172e-07
645,7.983509e-07
646,6.4964377e-07
647,6.305942e-07
648,7.9286167e-07
649,6.31578e-07
650,8.2759004e-07
651,7.7035685e-07
652,6.927322e-07
653,6.5865817e-07
654,7.081304e-07
655,8.113967e-07
656,7.484303e-07
657,6.2368207e-07
658,8.964995e-07
659,8.824715e-07
660,5.659817e-07
661,7.1368993e-07
662,5.29095e-07
663,6.2952614e-07
664,7.265979e-07
665,6.0525247e-07
666,7.695645e-07
667,1.0772139e-06
668,8.7555e-07
669,6.436074e-07
670,7.5373725e-07
671,7.7834204e-07
672,9.876095e-07
673,8.8535046e-07
674,1.0309049e-06
675,9.303441e-07
676,6.7217593e-07
677,1.1763071e-06
678,6.033941e-07
679,7.966545e-07
680,8.687224e-07
681,9.491894e-07
682,8.7701864e-07
683,7.354734e-07
684,1.0321168e-06
685,6.2078215e-07
686,4.994873e-07
687,5.967312e-07
688,6.0464447e-07
689,7.505636e-07
690,8.505191e-07
691,7.148275e-07
692,6.320085e-07
693,7.892313e-07
694,6.258844e-07
695,5.564208e-07
696,4.883666e-07
697,6.428303e-07
698,6.423409e-07
699,7.7196273e-07
700,7.833687e-07
701,6.965121e-07
702,7.734614e-07
703,1.0686044e-06
704,9.784479e-07
705,7.7593114e-07
706,6.37658e-07
707,6.372203e-07
708,7.552284e-07
709,9.2621076e-07
710,1.020226e-06
711,1.1122675e-06
712,8.6663766e-07
713,6.602401e-07
714,5.957125e-07
715,8.058337e-07
716,6.9964864e-07
717,6.0855723e-07
718,5.592511e-07
719,6.0191513e-07
720,6.29698e-07
721,5.753362e-07
722,7.102223e-07
723,8.827581e-07
724,8.582066e-07
725,6.069142e-07
726,5.254677e-07
727,4.4211538e-07
728,7.616698e-07
729,4.5740845e-07
730,4.6376772e-07
731,6.667424e-07
732,5.801152e-07
733,5.61383e-07
734,5.0621236e-07
735,5.0455725e-07
736,5.61843e-07
737,4.4970224e-07
738,4.026684e-07
739,5.471155e-07
740,6.50006e-07
741,4.656804e-07
742,5.253181e-07
743,7.8537505e-07
744,9.534384e-07
745,7.2522516e-07
746,5.9212226e-07
747,6.239991e-07
748,4.397376e-07
749,7.769868e-07
750,6.002675e-07
751,4.650088e-07
752,9.209449e-07
753,4.636583e-07
754,5.075515e-07
755,4.972334e-07
756,4.947407e-07
757,5.47657e-07
758,4.5700796e-07
759,5.082791e-07
760,6.089877e-07
761,4.5768888e-07
762,5.500656e-07
763,5.8524427e-07
764,5.1296394e-07
765,4.8605943e-07
766,5.2245076e-07
767,8.218411e-07
768,8.291866e-07
769,5.864848e-07
770,5.734493e-07
771,7.5363556e-07
772,9.19185e-07
773,1.18244e-06
774,9.766981e-07
775,6.095735e-07
776,5.3133306e-07
777,7.99629e-07
778,7.110346e-07
779,5.930312e-07
780,6.65396e-07
781,7.833795e-07
782,1.1690705e-06
783,9.1995923e-07
784,1.0733532e-06
785,9.940953e-07
786,8.298355e-07
787,8.587188e-07
788,7.193221e-07
789,8.913642e-07
790,6.906719e-07
791,7.770245e-07
792,8.414787e-07
793,8.9945945e-07
794,9.40089e-07
795,7.997618e-07
796,8.160793e-07
797,9.537065e-07
798,6.8063576e-07
799,9.750828e-07
800,1.085385e-06
801,9.890687e-07
802,1.1659395e-06
803,9.4424615e-07
804,7.7056995e-07
805,9.593183e-07
806,7.505465e-07
807,8.505227e-07
808,9.933789e-07
809,9.1875165e-07
810,1.0731e-06
811,1.1041782e-06
812,1.2276774e-06
813,1.0035973e-06
814,9.948299e-07
815,1.0171806e-06
816,7.700197e-07
817,1.0235457e-06
818,6.3314826e-07
819,8.0709435e-07
820,8.3027714e-07
821,7.098568e-07
822,8.864339e-07
823,9.99752e-07
824,9.991775e-07
825,9.544243e-07
826,8.11925e-07
827,8.7673504e-07
828,7.995006e-07
829,6.76425e-07
830,6.6487786e-07
831,6.402888e-07
832,6.189924e-07
833,7.3020885e-07
834,7.5823954e-07
835,7.132377e-07
836,5.03975e-07
837,7.1362444e-07
838,8.1897343e-07
839,8.548268e-07
840,6.887195e-07
841,6.003609e-07
842,7.0654016e-07
843,7.3562694e-07
844,8.2577446e-07
845,7.409891e-07
846,6.000414e-07
847,6.006222e-07
848,6.904277e-07
849,4.4486902e-07
850,4.812289e-07
851,6.316834e-07
852,7.599785e-07
853,5.4466267e-07
854,8.7449126e-07
855,7.4444307e-07
856,6.8467205e-07
857,8.0778153e-07
858,6.1891313e-07
859,6.158174e-07
860,5.5010173e-07
861,5.587007e-07
862,6.959688e-07
863,6.8813654e-07
864,5.4533444e-07
865,6.4612715e-07
866,5.204673e-07
867,6.7014236e-07
868,6.303315e-07
869,5.0275156e-07
870,5.068133e-07
871,8.145401e-07
872,7.839706e-07
873,6.1086723e-07
874,7.041572e-07
875,7.0746665e-07
876,6.3351354e-07
877,6.7093055e-07
878,7.933962e-07
879,9.714627e-07
880,1.0394804e-06
881,7.405643e-07
882,6.430322e-07
883,8.291548e-07
884,8.389262e-07
885,1.7700295e-06
886,1.2559976e-06
887,1.0354537e-06
888,8.816849e-07
889,7.5278797e-07
890,9.281924e-07
891,7.723137e-07
892,5.818889e-07
893,5.414073e-07
894,7.454365e-07
895,7.667848e-07
896,9.0487754e-07
897,6.125379e-07
898,5.8891885e-07
899,5.749235e-07
900,9.208155e-07
901,8.000451e-07
902,8.7152586e-07
903,9.317945e-07
904,8.532491e-07
905,9.0992705e-07
906,8.886265e-07
907,1.0609575e-06
908,1.0175379e-06
909,1.0744357e-06
910,6.3245614e-07
911,9.831664e-07
912,8.539493e-07
913,9.154316e-07
914,6.7347094e-07
915,6.5204813e-07
916,8.414534e-07
917,8.0760293e-07
918,7.5277364e-07
919,1.0252306e-06
920,9.5305467e-07
921,6.230981e-07
922,6.077348e-07
923,8.306919e-07
924,4.8315843e-07
925,6.229782e-07
926,6.0746027e-07
927,6.266206e-07
928,6.777801e-07
929,6.661303e-07
930,6.711774e-07
931,8.5909716e-07
932,7.2485767e-07
933,7.689781e-07
934,7.870864e-07
935,1.3162596e-06
936,1.2694442e-06
937,1.0006828e-06
938,9.406557e-07
939,9.758312e-07
940,1.4126723e-06
941,1.6193304e-06
942,9.4548085e-07
943,1.131075e-06
944,1.0218839e-06
945,9.702599e-07
946,1.0705282e-06
947,1.0701029e-06
948,1.151618e-06
949,1.2512776e-06
950,8.0840147e-07
951,8.387925e-07
952,7.964347e-07
953,1.0494063e-06
954,6.6857103e-07
955,1.0532e-06
956,9.953137e-07
957,7.716105e-07
958,6.833665e-07
959,7.966214e-07
960,1.1618743e-06
961,8.623285e-07
962,9.273819e-07
963,8.712849e-07
964,8.141163e-07
965,1.3609031e-06
966,1.0290106e-06
967,9.3979105e-07
968,8.1117395e-07
969,1.0787247e-06
970,8.150435e-07
971,1.2255781e-06
972,1.2934303e-06
973,1.005061e-06
974,9.426193e-07
975,9.2660673e-07
976,1.2875755e-06
977,9.725326e-07
978,6.16722e-07
979,7.2193654e-07
980,8.3436134e-07
981,8.77619e-07
982,8.1228745e-07
983,8.2567533e-07
984,1.1148625e-06
985,7.861844e-07
986,6.5286747e-07
987,7.8584344e-07
988,6.6243945e-07
989,1.5388375e-06
990,5.9464975e-07
991,6.7219196e-07
992,8.332601e-07
993,6.1255156e-07
994,7.263042e-07
995,8.4516967e-07
996,8.204835e-07
997,7.1786087e-07
998,5.961746e-07
999,7.007816e-07
1000,6.876257e-07
1001,6.1026947e-07
1002,8.271992e-07
1003,5.073397e-07
1004,7.85312e-07
1005,4.865646e-07
1006,6.3422556e-07
1007,7.713732e-07
1008,8.0199004e-07
1009,9.232796e-07
1010,7.946034e-07
1011,7.140321e-07
1012,8.3887215e-07
1013,8.5031536e-07
1014,6.027822e-07
1015,8.8453646e-07
1016,1.4826113e-06
1017,8.1332007e-07
1018,9.383395e-07
1019,8.955218e-07
1020,7.13557e-07
1021,9.611349e-07
1022,7.05763e-07
1023,9.597809e-07
1024,5.1327726e-07
1025,7.3454214e-07
1026,7.9135623e-07
1027,7.735713e-07
1028,8.63938e-07
1029,7.5287915e-07
1030,6.607872e-07
1031,7.1259416e-07
1032,8.6747434e-07
1033,6.62685e-07
1034,6.937195e-07
1035,8.290367e-07
1036,9.0007313e-07
1037,7.4618345e-07
1038,8.554327e-07
1039,1.1945632e-06
1040,1.1666451e-06
1041,8.6323996e-07
1042,7.015843e-07
1043,6.4781887e-07
1044,6.078568e-07
1045,7.455986e-07
1046,8.217362e-07
1047,6.841328e-07
1048,7.495056e-07
1049,6.041156e-07
1050,5.8436916e-07
1051,8.584625e-07
1052,5.8000063e-07
1053,6.671011e-07
1054,8.804151e-07
1055,8.4599196e-07
1056,1.2027205e-06
1057,6.761376e-07
1058,8.563472e-07
1059,1.001919e-06
1060,8.089837e-07
1061,1.1911727e-06
1062,7.3670816e-07
1063,1.0261156e-06
1064,1.5413768e-06
1065,9.2441843e-07
1066,8.2466687e-07
1067,1.0395026e-06
1068,1.2212957e-06
1069,7.171533e-07
1070,8.4370714e-07
1071,1.1193821e-06
1072,7.9768216e-07
1073,1.0416873e-06
1074,1.0698536e-06
1075,1.1442387e-06
1076,1.1774814e-06
1077,1.1788836e-06
1078,9.1258164e-07
1079,1.0039926e-06
1080,9.1147683e-07
1081,8.0416265e-07
1082,9.00938e-07
1083,7.758975e-07
1084,8.036445e-07
1085,8.2930217e-07
1086,5.8187914e-07
1087,7.2059197e-07
1088,8.885776e-07
1089,6.2992314e-07
1090,7.852462e-07
1091,9.1761484e-07
1092,1.0289995e-06
1093,7.3087415e-07
1094,6.6634544e-07
1095,6.401498e-07
1096,7.886426e-07
1097,8.061969e-07
1098,7.6370617e-07
1099,8.0094276e-07
1100,7.7587384e-07
1101,7.0734797e-07
1102,7.940017e-07
1103,8.146782e-07
1104,8.7913514e-07
1105,6.8418547e-07
1106,5.641433e-07
1107,7.9363656e-07
1108,7.02499e-07
1109,6.1050247e-07
1110,8.0794615e-07
1111,9.254201e-07
1112,8.494637e-07
1113,7.656191e-07
1114,1.1371184e-06
1115,1.3456939e-06
1116,1.569364e-06
1117,1.3710105e-06
1118,9.160907e-07
1119,8.581607e-07
1120,6.332015e-07
1121,5.602855e-07
1122,7.2535596e-07
1123,6.5936655e-07
1124,7.5545614e-07
1125,8.7990355e-07
1126,8.559062e-07
1127,8.7484966e-07
1128,1.0129334e-06
1129,1.2326296e-06
1130,1.0655764e-06
1131,8.94361e-07
1132,7.9006077e-07
1133,1.0271493e-06
1134,7.3100216e-07
1135,7.6170534e-07
1136,8.7536e-07
1137,1.0477809e-06
1138,1.038827e-06
1139,7.2608833e-07
1140,8.7946876e-07
1141,6.183137e-07
1142,5.642447e-07
1143,9.682391e-07
1144,8.2377176e-07
1145,6.700967e-07
1146,1.1411465e-06
1147,9.1018063e-07
1148,5.667622e-07
1149,9.112633e-07
1150,6.0692116e-07
1151,6.0109227e-07
1152,8.6244273e-07
1153,8.0825623e-07
1154,7.63133e-07
1155,9.248699e-07
1156,8.716464e-07
1157,9.0554283e-07
1158,7.223083e-07
1159,6.6655673e-07
1160,9.1685604e-07
1161,7.8806335e-07
1162,8.477024e-07
1163,8.9302773e-07
1164,1.1980694e-06
1165,9.996751e-07
1166,1.2190375e-06
1167,9.133813e-07
1168,1.0892743e-06
1169,1.8081573e-06
1170,1.0768005e-06
1171,1.0268795e-06
1172,1.0153777e-06
1173,1.0231977e-06
1174,7.886256e-07
1175,8.962863e-07
1176,7.32832e-07
1177,1.1334953e-06
1178,8.428492e-07
1179,1.489761e-06
1180,8.4647775e-07
1181,8.165819e-07
1182,9.59901e-07
1183,8.322262e-07
1184,1.094909e-06
1185,8.977066e-07
1186,1.2404457e-06
1187,1.1504537e-06
1188,1.1634683e-06
1189,7.457479e-07
1190,8.756021e-07
1191,1.0083579e-06
1192,1.0573642e-06
1193,9.3623675e-07
1194,8.730087e-07
1195,1.1592876e-06
1196,1.3837767e-06
1197,9.601492e-07
1198,1.2589294e-06
1199,1.1401066e-06
1200,1.37742e-06
1201,1.3667651e-06
1202,1.4311179e-06
1203,1.2153391e-06
1204,1.2835762e-06
1205,1.1359382e-06
1206,1.2426374e-06
1207,1.1298752e-06
1208,8.7338884e-07
1209,1.0290721e-06
1210,9.213433e-07
1211,8.602004e-07
1212,8.595538e-07
1213,8.4667937e-07
1214,7.273619e-07
1215,8.636324e-07
1216,9.759705e-07
1217,8.837641e-07
1218,7.6350426e-07
1219,1.0420928e-06
1220,6.927366e-07
1221,7.619159e-07
1222,6.9974425e-07
1223,7.5972076e-07
1224,7.0265673e-07
1225,7.9017025e-07
1226,6.724057e-07
1227,6.407605e-07
1228,7.041865e-07
1229,4.969077e-07
1230,5.0442725e-07
1231,5.837177e-07
1232,8.297122e-07
1233,6.257999e-07
1234,6.280208e-07
1235,6.787256e-07
1236,7.539135e-07
1237,8.306217e-07
1238,6.393507e-07
1239,5.0611334e-07
1240,6.827731e-07
1241,7.0706926e-07
1242,4.1640428e-07
1243,5.2616855e-07
1244,6.138612e-07
1245,4.878151e-07
1246,5.0848814e-07
1247,4.4755453e-07
1248,7.577212e-07
1249,5.2629366e-07
1250,6.348079e-07
1251,4.4719008e-07
1252,5.6622537e-07
1253,5.6541995e-07
1254,4.29077e-07
1255,4.819568e-07
1256,4.504866e-07
1257,4.7734557e-07
1258,3.3077382e-07
1259,4.6350684e-07
1260,6.2236273e-07
1261,6.327934e-07
1262,7.067309e-07
1263,5.9342216e-07
1264,6.189065e-07
1265,9.636459e-07
1266,4.994587e-07
1267,4.1487746e-07
1268,4.741973e-07
1269,4.890333e-07
1270,3.9700157e-07
1271,4.5405787e-07
1272,4.5392943e-07
1273,4.501187e-07
1274,4.038703e-07
1275,5.7627386e-07
1276,6.029614e-07
1277,6.1318815e-07
1278,4.3782748e-07
1279,6.128801e-07
1280,5.939958e-07
1281,5.385482e-07
1282,4.650307e-07
1283,6.221122e-07
1284,6.9281066e-07
1285,6.622464e-07
1286,5.496904e-07
1287,7.2553485e-07
1288,7.742822e-07
1289,5.1684884e-07
1290,4.927746e-07
1291,6.781057e-07
1292,6.456024e-07
1293,5.7125465e-07
1294,6.60741e-07
1295,9.124598e-07
1296,1.1568192e-06
1297,9.689143e-07
1298,1.0315026e-06
1299,1.1082146e-06
1300,8.897646e-07
1301,9.2179505e-07
1302,4.81865e-07
1303,6.052479e-07
1304,7.7273774e-07
1305,7.786031e-07
1306,6.5150095e-07
1307,5.9841506e-07
1308,8.0384626e-07
1309,6.6042855e-07
1310,4.7923675e-07
1311,7.6105385e-07
1312,7.91439e-07
1313,7.404653e-07
1314,6.9495803e-07
1315,6.150238e-07
1316,7.5747715e-07
1317,8.016955e-07
1318,5.176789e-07
1319,6.45614e-07
1320,8.42538e-07
1321,1.0377034e-06
1322,1.165763e-06
1323,1.061271e-06
1324,1.0258026e-06
1325,7.487463e-07
1326,5.644157e-07
1327,7.645237e-07
1328,7.3369813e-07
1329,7.7033184e-07
1330,7.1576204e-07
1331,8.636375e-07
1332,9.748676e-07
1333,6.8566953e-07
1334,7.0382646e-07
1335,7.632416e-07
1336,7.009472e-07
1337,8.578555e-07
1338,8.1057004e-07
1339,8.732657e-07
1340,8.156324e-07
1341,7.7040096e-07
1342,6.674491e-07
1343,8.771964e-07
1344,6.9685984e-07
1345,6.993162e-07
1346,8.226313e-07
1347,6.686099e-07
1348,8.270813e-07
1349,8.0078837e-07
1350,7.8408175e-07
1351,8.5050425e-07
1352,1.0270162e-06
1353,9.384172e-07
1354,9.561164e-07
1355,8.770194e-07
1356,1.2055385e-06
1357,9.391235e-07
1358,5.6701344e-07
1359,7.3085846e-07
1360,8.6419334e-07
1361,7.568852e-07
1362,7.3129314e-07
1363,9.259329e-07
1364,1.0027766e-06
1365,9.4687346e-07
1366,7.1864855e-07
1367,8.153578e-07
1368,6.7569835e-07
1369,9.2972675e-07
1370,9.605283e-07
1371,6.726371e-07
1372,7.450254e-07
1373,6.39729e-07
1374,5.477868e-07
1375,5.750089e-07
1376,8.903327e-07
1377,6.538894e-07
1378,4.666405e-07
1379,6.8098683e-07
1380,6.995193e-07
1381,7.06339e-07
1382,6.04715e-07
1383,7.587421e-07
1384,1.134318e-06
1385,7.628704e-07
1386,6.626795e-07
1387,9.608086e-07
1388,9.600371e-07
1389,1.0859562e-06
1390,8.0835287e-07
1391,1.0624984e-06
1392,1.2153412e-06
1393,9.188534e-07
1394,1.070732e-06
1395,1.3741094e-06
1396,1.6018943e-06
1397,1.3519904e-06
1398,1.1534612e-06
1399,1.4348295e-06
1400,1.3269267e-06
1401,1.3129417e-06
1402,1.0305718e-06
1403,1.2608648e-06
1404,1.2696181e-06
1405,1.6593364e-06
1406,1.4999554e-06
1407,1.2203705e-06
1408,1.271872e-06
1409,1.1287914e-06
1410,1.2035496e-06
1411,1.269995e-06
1412,1.3700394e-06
1413,1.2084199e-06
1414,1.1670406e-06
1415,1.2287315e-06
1416,8.0888515e-07
1417,1.0140706e-06
1418,7.961544e-07
1419,1.0603242e-06
1420,1.6411017e-06
1421,1.4930945e-06
1422,7.1819886e-07
1423,1.0873866e-06
1424,1.6394358e-06
1425,1.2340518e-06
1426,1.0222329e-06
1427,1.3367264e-06
1428,1.7080098e-06
1429,1.4069112e-06
1430,8.227838e-07
1431,1.674777e-06
1432,1.2453056e-06
1433,1.1770708e-06
1434,8.549893e-07
1435,1.3017687e-06
1436,1.3935299e-06
1437,9.571033e-07
1438,1.216474e-06
1439,1.0597989e-06
1440,1.1815629e-06
1441,1.2355956e-06
1442,1.1882885e-06
1443,7.7143915e-07
1444,9.94025e-07
1445,9.867524e-07
1446,1.0873292e-06
1447,1.4860946e-06
1448,1.2641093e-06
1449,9.3823047e-07
1450,1.2718286e-06
1451,1.258537e-06
1452,1.4654821e-06
1453,1.3090723e-06
1454,8.455578e-07
1455,1.3391046e-06
1456,1.0930196e-06
1457,1.0074572e-06
1458,1.247185e-06
1459,1.4007964e-06
1460,1.2304004e-06
1461,1.0968372e-06
1462,1.0574358e-06
1463,1.1380725e-06
1464,1.3328116e-06
1465,1.6410283e-06
1466,7.317029e-07
1467,1.6661941e-06
1468,1.5279511e-06
1469,1.4127138e-06
1470,1.0552791e-06
1471,9.903133e-07
1472,1.4453669e-06
1473,8.1079315e-07
1474,9.0422816e-07
1475,1.1255661e-06
1476,1.0804627e-06
1477,1.1568926e-06
1478,1.3993001e-06
1479,1.0395946e-06
1480,1.4528409e-06
1481,1.1349161e-06
1482,9.835932e-07
1483,1.3075809e-06
1484,1.1354944e-06
1485,1.1266511e-06
1486,8.3355815e-07
1487,1.0039705e-06
1488,8.4667255e-07
1489,8.686214e-07
1490,8.338067e-07
1491,1.2025971e-06
1492,1.4576444e-06
1493,1.3241342e-06
1494,6.42885e-07
1495,9.615395e-07
1496,9.152171e-07
1497,9.63679e-07
1498,1.1521627e-06
1499,1.254012e-06
1500,1.2034127e-06
1501,1.0243127e-06
1502,1.0164716e-06
1503,1.2246052e-06
1504,1.5067943e-06
1505,1.250888e-06
1506,7.479823e-07
1507,1.2782178e-06
1508,1.3140275e-06
1509,1.1447921e-06
1510,1.0093512e-06
1511,1.0212977e-06
1512,7.994574e-07
1513,9.2270585e-07
1514,6.2694664e-07
1515,7.7886835e-07
1516,7.017537e-07
1517,7.728778e-07
1518,5.895619e-07
1519,6.2165407e-07
1520,7.164438e-07
1521,7.5089207e-07
1522,5.4003493e-07
1523,6.6924025e-07
1524,7.5648893e-07
1525,7.1250196e-07
1526,5.003178e-07
1527,7.3056657e-07
1528,7.0421794e-07
1529,6.8173136e-07
1530,5.9684487e-07
1531,6.4534794e-07
1532,7.350288e-07
1533,5.7696127e-07
1534,5.0025204e-07
1535,4.7992273e-07
1536,4.6087735e-07
1537,5.0616444e-07
1538,3.4712212e-07
1539,5.0592797e-07
1540,6.238485e-07
1541,5.119175e-07
1542,6.21694e-07
1543,6.815336e-07
1544,5.689402e-07
1545,5.454212e-07
1546,3.7360934e-07
1547,5.3002407e-07
1548,5.5028954e-07
1549,4.1800735e-07
1550,3.4516825e-07
1551,6.478659e-07
1552,5.903028e-07
1553,5.732512e-07
1554,5.8094577e-07
1555,5.654597e-07
1556,7.0503245e-07
1557,5.91183e-07
1558,5.276935e-07
1559,3.8316193e-07
1560,5.20395e-07
1561,4.8517035e-07
1562,6.5137664e-07
1563,6.0889084e-07
1564,4.1249555e-07
1565,4.4292068e-07
1566,3.0603482e-07
1567,4.3493046e-07
1568,4.2527864e-07
1569,4.187213e-07
1570,4.764018e-07
1571,4.9857306e-07
1572,5.3796873e-07
1573,6.455455e-07
1574,6.637134e-07
1575,7.6353774e-07
1576,6.1113667e-07
1577,4.6574456e-07
1578,4.2316478e-07
1579,4.0273625e-07
1580,5.670484e-07
1581,4.8536197e-07
1582,4.204243e-07
1583,5.436023e-07
1584,5.819814e-07
1585,7.376074e-07
1586,7.5839006e-07
1587,6.32454e-07
1588,5.225097e-07
1589,4.591928e-07
1590,4.4076018e-07
1591,5.309815e-07
1592,5.4590356e-07
1593,4.4925173e-07
1594,4.8098957e-07
1595,6.2018256e-07
1596,7.8402746e-07
1597,5.725926e-07
1598,4.5747765e-07
1599,5.976153e-07
1600,7.487437e-07
1601,6.131239e-07
1602,6.653387e-07
1603,7.100416e-07
1604,7.9636936e-07
1605,7.944556e-07
1606,8.264859e-07
1607,7.4388953e-07
1608,5.633375e-07
1609,6.1013213e-07
1610,7.081958e-07
1611,8.76494e-07
1612,9.2134576e-07
1613,1.1008923e-06
1614,1.2515865e-06
1615,1.0062702e-06
1616,1.1619143e-06
1617,8.278239e-07
1618,5.4409e-07
1619,5.790606e-07
1620,8.245121e-07
1621,8.2146414e-07
1622,6.8093095e-07
1623,6.284561e-07
1624,6.1874835e-07
1625,6.053554e-07
1626,6.2427694e-07
1627,7.0365314e-07
1628,7.988289e-07
1629,6.433432e-07
1630,7.2529656e-07
1631,7.5913124e-07
1632,5.001032e-07
1633,6.669065e-07
1634,3.6749816e-07
1635,4.962829e-07
1636,4.630474e-07
1637,4.975499e-07
1638,4.1674343e-07
1639,5.734345e-07
1640,5.0581195e-07
1641,4.0948558e-07
1642,4.967428e-07
1643,4.1388458e-07
1644,4.4794743e-07
1645,5.425352e-07
1646,5.105738e-07
1647,4.4187246e-07
1648,6.329831e-07
1649,5.7965855e-07
1650,4.7272147e-07
1651,4.5067537e-07
1652,5.8638557e-07
1653,5.7232876e-07
1654,4.6723525e-07
1655,7.0275684e-07
1656,5.046368e-07
1657,4.5775704e-07
1658,4.2916275e-07
1659,6.088516e-07
1660,6.3503666e-07
1661,6.313533e-07
1662,5.6899296e-07
1663,5.881258e-07
1664,5.458016e-07
1665,5.850835e-07
1666,5.2086426e-07
1667,6.9814257e-07
1668,7.146277e-07
1669,6.2487527e-07
1670,6.152781e-07
1671,5.437098e-07
1672,7.911327e-07
1673,5.382718e-07
1674,5.9413003e-07
1675,7.115631e-07
1676,7.83488e-07
1677,8.02682e-07
1678,7.1210724e-07
1679,7.295067e-07
1680,7.0841213e-07
1681,7.6886425e-07
1682,9.895446e-07
1683,7.862503e-07
1684,7.878035e-07
1685,9.2222155e-07
1686,4.7270146e-07
1687,6.1661416e-07
1688,6.0726313e-07
1689,5.6699514e-07
1690,5.793071e-07
1691,5.0415554e-07
1692,7.202922e-07
1693,7.2551467e-07
1694,8.3191026e-07
1695,9.832903e-07
1696,8.6720877e-07
1697,9.0619517e-07
1698,7.0388944e-07
1699,6.3076914e-07
1700,6.304412e-07
1701,7.982104e-07
1702,6.8537554e-07
1703,7.304537e-07
1704,8.364926e-07
1705,8.6246354e-07
1706,1.0099486e-06
1707,1.2604276e-06
1708,1.237542e-06
1709,1.0365167e-06
1710,7.30741e-07
1711,7.712536e-07
1712,8.538611e-07
1713,7.76e-07
1714,6.3167334e-07
1715,7.776727e-07
1716,8.4327314e-07
1717,6.9097786e-07
1718,7.411563e-07
1719,6.1001504e-07
1720,6.833087e-07
1721,6.174393e-07
1722,4.2250844e-07
1723,5.792932e-07
1724,6.8812085e-07
1725,5.0345204e-07
1726,4.0547553e-07
1727,5.076755e-07
1728,6.2167817e-07
1729,4.408966e-07
1730,3.6817133e-07
1731,7.661441e-07
1732,6.343912e-07
1733,6.304272e-07
1734,7.711816e-07
1735,1.0818717e-06
1736,7.2048977e-07
1737,7.7409914e-07
1738,6.7360685e-07
1739,6.6191257e-07
1740,5.892685e-07
1741,5.9378044e-07
1742,6.1356496e-07
1743,9.54689e-07
1744,5.4521547e-07
1745,4.359522e-07
1746,3.7489713e-07
1747,6.0976794e-07
1748,5.9685465e-07
1749,4.6364954e-07
1750,4.572158e-07
1751,4.3956442e-07
1752,5.4652793e-07
1753,3.9618084e-07
1754,3.9026833e-07
1755,6.053316e-07
1756,7.295208e-07
1757,7.2754835e-07
1758,6.117598e-07
1759,6.400543e-07
1760,8.6651164e-07
1761,7.787524e-07
1762,7.096454e-07
1763,6.2832135e-07
1764,5.6649054e-07
1765,5.625044e-07
1766,3.9491164e-07
1767,5.4215053e-07
1768,4.869927e-07
1769,4.459111e-07
1770,4.5807047e-07
1771,6.6756786e-07
1772,6.6809173e-07
1773,6.1173574e-07
1774,5.8609055e-07
1775,7.6245686e-07
1776,8.1040673e-07
1777,5.438022e-07
1778,6.764967e-07
1779,7.7666346e-07
1780,9.008788e-07
1781,7.2798775e-07
1782,5.240769e-07
1783,6.129196e-07
1784,8.1135994e-07
1785,6.701554e-07
1786,5.102303e-07
1787,7.555494e-07
1788,8.900297e-07
1789,8.5884005e-07
1790,8.040226e-07
1791,7.2224145e-07
1792,6.759202e-07
1793,6.062411e-07
1794,5.361388e-07
1795,6.7917483e-07
1796,5.84744e-07
1797,6.326096e-07
1798,5.5506973e-07
1799,9.295771e-07
1800,8.0244945e-07
1801,7.187067e-07
1802,4.3786858e-07
1803,5.061212e-07
1804,6.0819957e-07
1805,6.372004e-07
1806,5.850684e-07
1807,6.373123e-07
1808,8.371504e-07
1809,9.987591e-07
1810,6.7900356e-07
1811,1.0777662e-06
1812,7.323694e-07
1813,8.648922e-07
1814,6.7245804e-07
1815,8.198811e-07
1816,1.2479802e-06
1817,1.1748895e-06
1818,8.8430835e-07
1819,1.0285031e-06
1820,1.1616031e-06
1821,9.4015485e-07
1822,5.1369335e-07
1823,6.504059e-07
1824,5.1741955e-07
1825,6.9047485e-07
1826,6.484514e-07
1827,5.7533504e-07
1828,4.5446126e-07
1829,5.3490425e-07
1830,4.763665e-07
1831,5.7274826e-07
1832,5.218803e-07
1833,5.707542e-07
1834,4.821921e-07
1835,6.965526e-07
1836,7.2438945e-07
1837,5.864299e-07
1838,4.7216514e-07
1839,5.9195594e-07
1840,6.87884e-07
1841,4.9653033e-07
1842,5.6988154e-07
1843,6.264172e-07
1844,4.2855117e-07
1845,4.88747e-07
1846,4.8200855e-07
1847,5.02317e-07
1848,3.8001457e-07
1849,5.766583e-07
1850,4.4371114e-07
1851,6.1628907e-07
1852,5.911169e-07
1853,4.1767967e-07
1854,4.6462128e-07
1855,4.2176652e-07
1856,5.535594e-07
1857,6.53362e-07
1858,4.7104163e-07
1859,6.805585e-07
1860,7.565164e-07
1861,6.909064e-07
1862,8.096023e-07
1863,6.7508927e-07
1864,7.5814296e-07
1865,6.8287034e-07
1866,4.3767358e-07
1867,4.818652e-07
1868,4.6020372e-07
1869,5.5596286e-07
1870,3.679805e-07
1871,6.9466125e-07
1872,6.204504e-07
1873,7.595929e-07
1874,5.0947426e-07
1875,8.16594e-07
1876,7.6312455e-07
1877,9.725909e-07
1878,6.0282605e-07
1879,6.803292e-07
1880,5.5839337e-07
1881,5.8697617e-07
1882,5.10104e-07
1883,5.6701396e-07
1884,4.3972742e-07
1885,5.9144975e-07
1886,6.4896784e-07
1887,8.3578743e-07
1888,6.636331e-07
1889,8.935046e-07
1890,5.4833083e-07
1891,5.368704e-07
1892,7.374481e-07
1893,6.172319e-07
1894,5.3830036e-07
1895,4.8172916e-07
1896,5.079668e-07
1897,5.3654844e-07
1898,5.926987e-07
1899,6.6863765e-07
1900,7.256573e-07
1901,6.31727e-07
1902,6.1286335e-07
1903,6.1576753e-07
1904,8.952114e-07
1905,5.97813e-07
1906,5.16781e-07
1907,5.5493996e-07
1908,5.7552245e-07
1909,5.917569e-07
1910,5.6130074e-07
1911,6.8334367e-07
1912,7.220804e-07
1913,6.286039e-07
1914,4.000999e-07
1915,5.8437496e-07
1916,4.90308e-07
1917,5.1347905e-07
1918,5.7903696e-07
1919,6.333843e-07
1920,4.4539198e-07
1921,4.6106578e-07
1922,4.236305e-07
1923,4.6767641e-07
1924,4.5347747e-07
1925,4.243957e-07
1926,4.599537e-07
1927,5.006858e-07
1928,5.172484e-07
1929,6.6265466e-07
1930,3.6656903e-07
1931,5.6842725e-07
1932,5.162222e-07
1933,4.6957047e-07
1934,4.568223e-07
1935,3.729642e-07
1936,5.866491e-07
1937,5.4580414e-07
1938,6.0922156e-07
1939,4.982564e-07
1940,4.9663157e-07
1941,6.9937744e-07
1942,4.0938284e-07
1943,7.1680097e-07
1944,7.431639e-07
1945,5.691673e-07
1946,4.900967e-07
1947,5.8277664e-07
1948,9.613425e-07
1949,5.569153e-07
1950,5.1828744e-07
1951,7.784664e-07
1952,6.1758146e-07
1953,5.395549e-07
1954,5.0715397e-07
1955,5.310331e-07
1956,4.34264e-07
1957,5.160831e-07
1958,3.8782505e-07
1959,6.265566e-07
1960,7.091583e-07
1961,5.6097537e-07
1962,5.4959474e-07
1963,6.097836e-07
1964,6.8745544e-07
1965,6.1130055e-07
1966,4.1508125e-07
1967,7.8725515e-07
1968,5.948514e-07
1969,6.3028153e-07
1970,4.7271442e-07
1971,5.887368e-07
1972,7.214951e-07
1973,5.626766e-07
1974,5.799586e-07
1975,6.876723e-07
1976,4.966401e-07
1977,5.8648834e-07
1978,4.6467284e-07
1979,5.023219e-07
1980,5.817581e-07
1981,4.326051e-07
1982,3.997052e-07
1983,5.970185e-07
1984,7.193654e-07
1985,5.092926e-07
1986,4.629998e-07
1987,4.9189657e-07
1988,3.968254e-07
1989,3.6217034e-07
1990,5.1454384e-07
1991,5.110111e-07
1992,5.928618e-07
1993,5.6827366e-07
1994,5.2383507e-07
1995,5.7607895e-07
1996,6.426786e-07
1997,6.0936316e-07
1998,3.7405897e-07
1999,6.521106e-07
2000,4.8116465e-07
2001,5.2877994e-07
2002,4.1661693e-07
2003,5.579464e-07
2004,6.9789337e-07
2005,5.7267596e-07
2006,6.325005e-07
2007,5.2736783e-07
2008,6.6068685e-07
2009,6.3936784e-07
2010,5.865876e-07
2011,6.7965846e-07
2012,4.9708797e-07
2013,6.470818e-07
2014,5.698881e-07
2015,7.1513404e-07
2016,7.6905036e-07
2017,5.1012245e-07
2018,4.6159585e-07
2019,6.5998734e-07
2020,7.31245e-07
2021,5.00771e-07
2022,5.638601e-07
2023,5.2197964e-07
2024,7.120054e-07
2025,5.1327925e-07
2026,4.8328184e-07
2027,4.1601524e-07
2028,4.787973e-07
2029,4.963903e-07
2030,4.4659328e-07
2031,3.3866309e-07
2032,3.646167e-07
2033,2.9975558e-07
2034,2.1227338e-07
2035,2.6428694e-07
2036,3.9050238e-07
2037,3.8758486e-07
2038,2.3986365e-07
2039,3.461671e-07
2040,3.9381433e-07
2041,3.5380475e-07
2042,2.6763973e-07
2043,3.2278163e-07
2044,4.512956e-07
2045,4.25716e-07
2046,3.9210894e-07
2047,3.8383854e-07
2048,3.6830764e-07
2049,3.2576116e-07
2050,3.4522097e-07
2051,3.1168895e-07
2052,3.3184784e-07
2053,3.7111732e-07
2054,2.7032442e-07
2055,3.0921944e-07
2056,3.6123322e-07
2057,4.6744464e-07
2058,2.856804e-07
2059,4.6684892e-07
2060,4.5570724e-07
2061,3.9348055e-07
2062,3.1033787e-07
2063,3.447151e-07
2064,3.851123e-07
2065,3.9810593e-07
2066,3.643915e-07
2067,4.4895964e-07
2068,4.0085553e-07
2069,2.8115483e-07
2070,3.583315e-07
2071,4.5282317e-07
2072,4.5224925e-07
2073,3.7796866e-07
2074,2.4857883e-07
2075,3.8858678e-07
2076,4.1271466e-07
2077,4.5270536e-07
2078,3.8347702e-07
2079,5.9166604e-07
2080,5.730061e-07
2081,5.01897e-07
2082,5.5115504e-07
2083,4.800672e-07
2084,4.1895015e-07
2085,4.8853923e-07
2086,2.9301975e-07
2087,6.470659e-07
2088,8.0533135e-07
2089,4.883156e-07
2090,4.4607378e-07
2091,5.1795377e-07
2092,6.657927e-07
2093,6.1610933e-07
2094,4.747147e-07
2095,4.0741966e-07
2096,5.433951e-07
2097,5.740009e-07
2098,5.700565e-07
2099,4.4698717e-07
2100,5.218704e-07
2101,6.408828e-07
2102,6.0990305e-07
2103,6.635614e-07
2104,7.059324e-07
2105,5.817656e-07
2106,5.575582e-07
2107,6.4127755e-07
2108,9.3161805e-07
2109,6.0321065e-07
2110,5.733912e-07
2111,1.0621859e-06
2112,9.0012435e-07
2113,6.6987593e-07
2114,8.0446637e-07
2115,9.129279e-07
2116,1.1296399e-06
2117,6.7733345e-07
2118,7.4683794e-07
2119,8.723988e-07
2120,1.2473015e-06
2121,5.619571e-07
2122,5.9045567e-07
2123,6.62125e-07
2124,5.982804e-07
2125,6.1968956e-07
2126,3.9627685e-07
2127,4.0432147e-07
2128,5.627086e-07
2129,4.732589e-07
2130,3.955638e-07
2131,4.4055642e-07
2132,4.1306112e-07
2133,4.5344558e-07
2134,4.843929e-07
2135,4.203317e-07
2136,4.54791e-07
2137,4.3496848e-07
2138,3.0294729e-07
2139,4.996185e-07
2140,4.1098355e-07
2141,3.7769513e-07
2142,3.9660245e-07
2143,3.8558477e-07
2144,3.9531005e-07
2145,4.1852144e-07
2146,3.1166846e-07
2147,2.723117e-07
2148,3.1885196e-07
2149,3.6411126e-07
2150,2.9677375e-07
2151,2.472995e-07
2152,3.1239017e-07
2153,2.8108585e-07
2154,3.28978e-07
2155,3.2662106e-07
2156,2.729693e-07
2157,2.5998324e-07
2158,2.7766123e-07
2159,2.9766645e-07
2160,3.5528313e-07
2161,3.3079758e-07
2162,2.9992765e-07
2163,4.2066932e-07
2164,3.4751594e-07
2165,4.3408357e-07
2166,3.0246812e-07
2167,3.441158e-07
2168,3.7175775e-07
2169,3.6148057e-07
2170,3.37554e-07
2171,3.0454385e-07
2172,3.9401374e-07
2173,4.880864e-07
2174,4.8133586e-07
2175,5.0507913e-07
2176,4.577583e-07
2177,4.399987e-07
2178,2.9725956e-07
2179,3.4589192e-07
2180,3.8747243e-07
2181,3.6789805e-07
2182,3.971533e-07
2183,4.626023e-07
2184,6.4333994e-07
2185,4.1054528e-07
2186,4.004809e-07
2187,4.343567e-07
2188,4.3776816e-07
2189,4.971511e-07
2190,4.0539612e-07
2191,4.5569664e-07
2192,4.927109e-07
2193,3.4055344e-07
2194,4.512004e-07
2195,5.067741e-07
2196,4.6281252e-07
2197,5.346811e-07
2198,4.9476677e-07
2199,4.844493e-07
2200,5.288598e-07
2201,5.553246e-07
2202,6.0250517e-07
2203,6.716556e-07
2204,5.266514e-07
2205,5.265274e-07
2206,5.0765675e-07
2207,4.8399664e-07
2208,4.1492996e-07
2209,4.861216e-07
2210,5.48593e-07
2211,4.8522725e-07
2212,4.997314e-07
2213,4.909405e-07
2214,4.7206294e-07
2215,5.476264e-07
2216,6.122547e-07
2217,5.7012204e-07
2218,5.479486e-07
2219,6.517603e-07
2220,6.756537e-07
2221,5.866524e-07
2222,5.0148094e-07
2223,4.340871e-07
2224,3.9172338e-07
2225,2.9743316e-07
2226,3.9979426e-07
2227,4.8086685e-07
2228,4.0496943e-07
2229,4.345698e-07
2230,3.9073603e-07
2231,3.662808e-07
2232,3.3779807e-07
2233,3.0173183e-07
2234,3.113979e-07
2235,3.6745357e-07
2236,4.1318782e-07
2237,2.9815286e-07
2238,2.8621463e-07
2239,3.954073e-07
2240,4.4081185e-07
2241,4.3263177e-07
2242,3.6030815e-07
2243,5.3393353e-07
2244,4.3914747e-07
2245,4.887339e-07
2246,4.679344e-07
2247,4.974902e-07
2248,4.0299187e-07
2249,5.118203e-07
2250,3.218418e-07
2251,4.0832325e-07
2252,3.968884e-07
2253,3.9723128e-07
2254,3.2366506e-07
2255,3.891261e-07
2256,4.6479423e-07
2257,5.604778e-07
2258,4.1391687e-07
2259,4.194165e-07
2260,4.2564724e-07
2261,3.5266277e-07
2262,3.768184e-07
2263,3.676152e-07
2264,3.7193794e-07
2265,3.3676622e-07
2266,3.3274978e-07
2267,3.9294991e-07
2268,4.122399e-07
2269,4.2155958e-07
2270,3.4218596e-07
2271,3.434589e-07
2272,4.330403e-07
2273,4.3247672e-07
2274,3.90069e-07
2275,4.141009e-07
2276,4.829725e-07
2277,3.4625415e-07
2278,2.7808036e-07
2279,3.1152084e-07
2280,3.990925e-07
2281,4.0219675e-07
2282,2.3268076e-07
2283,3.622052e-07
2284,3.320884e-07
2285,3.483927e-07
2286,3.6045225e-07
2287,4.548574e-07
2288,3.7551064e-07
2289,3.7536572e-07
2290,3.588033e-07
2291,5.084963e-07
2292,5.1178534e-07
2293,4.843884e-07
2294,4.2525681e-07
2295,6.146206e-07
2296,7.6850057e-07
2297,5.59996e-07
2298,6.900361e-07
2299,7.579189e-07
2300,7.202524e-07
2301,6.1780327e-07
2302,5.9829034e-07
2303,6.42651e-07
2304,7.43282e-07
2305,6.3483117e-07
2306,6.614554e-07
2307,5.61207e-07
2308,7.3507533e-07
2309,5.2451867e-07
2310,4.787422e-07
2311,5.211067e-07
2312,5.1722657e-07
2313,5.366293e-07
2314,4.992029e-07
2315,6.2859516e-07
2316,7.467894e-07
2317,5.241733e-07
2318,6.4005724e-07
2319,6.460315e-07
2320,8.837898e-07
2321,8.7469255e-07
2322,5.711002e-07
2323,7.074417e-07
2324,6.274784e-07
2325,5.442413e-07
2326,6.874647e-07
2327,6.1238967e-07
2328,5.8311537e-07
2329,5.8117706e-07
2330,4.6684536e-07
2331,5.417488e-07
2332,5.759781e-07
2333,5.354589e-07
2334,4.6361484e-07
2335,4.1127367e-07
2336,3.5114476e-07
2337,3.5000318e-07
2338,3.9621946e-07
2339,3.4910423e-07
2340,4.063235e-07
2341,4.6117663e-07
2342,4.4711072e-07
2343,4.209431e-07
2344,4.4545445e-07
2345,4.5029947e-07
2346,3.2572197e-07
2347,4.97513e-07
2348,5.1289805e-07
2349,5.210424e-07
2350,5.5727094e-07
2351,7.740693e-07
2352,6.431924e-07
2353,8.9834555e-07
2354,6.122326e-07
2355,7.1766243e-07
2356,6.426473e-07
2357,5.164738e-07
2358,4.5266688e-07
2359,3.8185493e-07
2360,4.722669e-07
2361,4.3355834e-07
2362,5.700326e-07
2363,5.413393e-07
2364,4.5035327e-07
2365,5.4825665e-07
2366,5.864028e-07
2367,6.030877e-07
2368,7.073189e-07
2369,6.494657e-07
2370,6.5395113e-07
2371,6.493426e-07
2372,4.5376896e-07
2373,4.746565e-07
2374,4.4407702e-07
2375,4.402823e-07
2376,6.378532e-07
2377,5.1682827e-07
2378,4.1947223e-07
2379,6.5652443e-07
2380,6.2722887e-07
2381,5.729586e-07
2382,6.7578986e-07
2383,4.783377e-07
2384,7.6090794e-07
2385,5.667027e-07
2386,4.428211e-07
2387,6.566263e-07
2388,5.0127676e-07
2389,4.5137548e-07
2390,4.3991182e-07
2391,5.553345e-07
2392,7.697953e-07
2393,6.1950306e-07
2394,7.804289e-07
2395,6.9127475e-07
2396,6.8431024e-07
2397,8.5143495e-07
2398,6.115243e-07
2399,6.145098e-07
2400,8.346909e-07
2401,5.2694327e-07
2402,5.9238585e-07
2403,8.090404e-07
2404,5.8372734e-07
2405,4.8474436e-07
2406,5.421309e-07
2407,5.100043e-07
2408,9.420636e-07
2409,4.4022357e-07
2410,5.5241117e-07
2411,3.7229015e-07
2412,3.362241e-07
2413,4.8693346e-07
2414,6.0088684e-07
2415,5.208917e-07
2416,7.3875015e-07
2417,5.201123e-07
2418,6.51135e-07
2419,6.498802e-07
2420,6.650469e-07
2421,5.861956e-07
2422,4.204493e-07
2423,4.954847e-07
2424,4.4988232e-07
2425,3.759933e-07
2426,4.580482e-07
2427,6.105655e-07
2428,6.156128e-07
2429,5.9738744e-07
2430,4.3286505e-07
2431,6.7358576e-07
2432,6.7927357e-07
2433,4.9717545e-07
2434,3.3147563e-07
2435,4.5769238e-07
2436,4.309194e-07
2437,4.0158062e-07
2438,3.783471e-07
2439,4.087316e-07
2440,5.2386804e-07
2441,4.867087e-07
2442,3.0631924e-07
2443,4.2564335e-07
2444,5.926895e-07
2445,4.3660742e-07
2446,4.3861934e-07
2447,3.7213755e-07
2448,3.388202e-07
2449,4.6821032e-07
2450,4.4583925e-07
2451,4.939194e-07
2452,4.067897e-07
2453,3.1610472e-07
2454,3.1946826e-07
2455,4.659825e-07
2456,5.013941e-07
2457,3.7702003e-07
2458,3.4361668e-07
2459,4.4271718e-07
2460,5.2882734e-07
2461,5.298545e-07
2462,3.5172894e-07
2463,3.8948983e-07
2464,5.464596e-07
2465,4.6209107e-07
2466,4.1134405e-07
2467,3.5157143e-07
2468,4.0440472e-07
2469,4.6486448e-07
2470,4.6860038e-07
2471,3.579368e-07
2472,4.6838122e-07
2473,4.3341578e-07
2474,3.710689e-07
2475,4.233071e-07
2476,5.111051e-07
2477,5.091718e-07
2478,3.178591e-07
2479,4.6946576e-07
2480,4.4690168e-07
2481,4.2784828e-07
2482,3.9878083e-07
2483,3.9595048e-07
2484,4.6099427e-07
2485,4.6298027e-07
2486,3.6091916e-07
2487,4.221496e-07
2488,4.367167e-07
2489,4.6534623e-07
2490,4.5097391e-07
2491,3.480681e-07
2492,2.9471784e-07
2493,3.9552484e-07
2494,4.056373e-07
2495,5.05525e-07
2496,6.324664e-07
2497,4.4904968e-07
2498,3.6375346e-07
2499,5.0450177e-07
2500,5.15357e-07
2501,4.099878e-07
2502,2.5765274e-07
2503,3.5144996e-07
2504,4.308734e-07
2505,3.9196735e-07
2506,3.610753e-07
2507,3.664722e-07
2508,3.9138044e-07
2509,4.4828917e-07
2510,3.302318e-07
2511,3.939099e-07
2512,4.846527e-07
2513,3.5549238e-07
2514,2.983755e-07
2515,4.2739885e-07
2516,5.066412e-07
2517,3.7779097e-07
2518,4.3126556e-07
2519,3.178173e-07
2520,4.3059154e-07
2521,3.9509405e-07
2522,3.420165e-07
2523,5.0449904e-07
2524,6.10597e-07
2525,5.171632e-07
2526,4.1565508e-07
2527,4.6499386e-07
2528,4.294346e-07
2529,4.5537868e-07
2530,3.6922202e-07
2531,3.9096366e-07
2532,4.2952578e-07
2533,3.9114062e-07
2534,3.0356995e-07
2535,3.8717243e-07
2536,5.246188e-07
2537,3.8807497e-07
2538,3.5782222e-07
2539,3.0675014e-07
2540,3.5831096e-07
2541,3.255892e-07
2542,2.0202647e-07
2543,3.3102395e-07
2544,3.8782727e-07
2545,3.2171042e-07
2546,2.4802083e-07
2547,3.0328295e-07
2548,2.685626e-07
2549,2.468214e-07
2550,2.1164847e-07
2551,2.4630396e-07
2552,2.2621266e-07
2553,1.7901117e-07
2554,1.3888652e-07
2555,1.6877455e-07
2556,2.2126774e-07
2557,1.8825514e-07
2558,1.0528139e-07
2559,1.00952775e-07
